,ClassName,WMC,DIT,NOC,CBO,RFC,LCOM,CA,NPM,FWBR,FWBR_N,layer
0,com.itextpdf.text.ExceptionConverter,10,4,0,0,21,3,68,10,0.7038973693795252,0.7149526154872053,0.0
1,com.itextpdf.text.pdf.qrcode.Version,13,1,0,5,27,46,2,8,-7.63913223746511,-8.438175731695429,2.0
2,com.itextpdf.text.pdf.codec.wmf.MetaObject,3,1,3,0,4,0,5,3,-0.43122065096921336,0.2020174351924956,0.0
3,com.itextpdf.text.pdf.codec.TiffWriter$FieldImage,1,2,0,1,2,0,1,1,-1.5936685439397444,-1.4321507944656537,2.0
4,com.itextpdf.text.pdf.parser.LocationTextExtractionStrategy,8,1,0,6,31,14,2,6,-7.6067940399074,-8.772549081569384,11.0
5,com.itextpdf.text.pdf.fonts.FontsResourceAnchor,1,1,0,0,2,0,2,1,0.6001384041726006,0.5893628394357852,0.0
6,com.itextpdf.text.pdf.parser.PdfContentStreamProcessor$SetTextWordSpacing,3,1,0,6,7,3,2,1,-7.236694156555887,-7.819483962251907,10.0
7,com.itextpdf.text.pdf.ArabicLigaturizer$charstruct,1,1,0,0,2,0,1,0,0.6001384041726006,0.5893628394357852,3.0
8,com.itextpdf.text.TextElementArray,1,1,0,1,1,0,5,1,-2.1914983684337828,-1.9813794314603237,3.0
9,com.itextpdf.text.pdf.CMapAwareDocumentFont,8,3,0,11,28,18,5,4,-8.980655740170803,-9.700611746123476,6.0
10,com.itextpdf.text.pdf.internal.PdfXConformanceImp,11,1,0,22,40,0,2,11,-11.803932331946688,-13.163151281963126,3.0
11,com.itextpdf.text.pdf.IntHashtable$Entry,4,1,0,0,5,0,3,2,0.10321440364588741,0.0709087371376953,3.0
12,com.itextpdf.text.pdf.PdfEncodings$SymbolConversion,5,1,0,2,11,2,1,3,-4.147668978311056,-4.716843839720589,3.0
13,com.itextpdf.text.pdf.ShadingColor,4,3,0,2,6,0,2,4,-3.2593651570057993,-3.1018910595383,3.0
14,com.itextpdf.text.pdf.qrcode.ByteMatrix,9,1,0,0,14,0,6,9,-0.12119864030217098,-0.46188804708558706,0.0
15,com.itextpdf.text.pdf.qrcode.BitArray,12,1,0,0,18,0,1,11,-0.24882827914744943,-0.6239407343566665,0.0
16,com.itextpdf.text.html.simpleparser.ImageStore,1,3,0,0,2,0,1,1,1.3542185433108733,1.7769261723301906,4.0
17,com.itextpdf.text.pdf.parser.PdfContentStreamProcessor$PushGraphicsState,3,1,0,5,8,3,2,1,-6.6051831619409604,-7.25767506295642,10.0
18,com.itextpdf.text.pdf.codec.TiffImage,10,1,0,18,76,45,1,6,-11.424870500313386,-13.24345844840835,3.0
19,com.itextpdf.text.xml.xmp.XmpReader,6,1,0,2,39,0,1,6,-3.6206072440484482,-5.013779772407672,1.0
20,com.itextpdf.text.pdf.OcspClient,1,1,0,0,1,0,1,1,0.4434171836130442,0.7348142194157778,0.0
21,com.itextpdf.text.pdf.BarcodePostnet,6,2,0,4,22,1,0,5,-5.4553473320020895,-6.23611600129601,5.0
22,com.itextpdf.text.exceptions.UnsupportedPdfException,1,5,0,1,2,0,2,1,-0.839588404801472,-0.24458746157124836,1.0
23,com.itextpdf.text.pdf.PdfOCG,2,1,0,2,2,1,11,2,-4.034662306563552,-3.9488814539004657,3.0
24,com.itextpdf.text.pdf.CFFFont$UInt16Item,3,2,0,1,5,1,2,3,-2.024442467734902,-1.9986892463052661,3.0
25,com.itextpdf.text.html.simpleparser.ImageProvider,1,1,0,3,1,0,2,1,-4.82641392048061,-4.697573082336425,7.0
26,com.itextpdf.text.pdf.collection.PdfTargetDictionary,8,3,0,5,12,28,1,8,-6.7291389370824675,-6.7660121400339195,3.0
27,com.itextpdf.text.pdf.PdfFileSpecification,14,3,0,13,46,79,9,14,-10.055511629167086,-10.864297319513538,3.0
28,com.itextpdf.text.pdf.interfaces.PdfVersion,4,1,0,2,4,6,2,4,-4.4806933658633925,-4.488199694087871,3.0
29,com.itextpdf.text.FontFactoryImp,25,1,0,7,71,172,2,24,-9.110199765126682,-10.300507618693027,3.0
30,com.itextpdf.text.pdf.richmedia.RichMediaParams,6,3,0,5,9,15,1,6,-6.5177199223186015,-6.50026589099641,4.0
31,com.itextpdf.text.pdf.collection.PdfCollection,5,3,0,6,9,10,4,5,-6.910105250583738,-6.997425932009746,3.0
32,com.itextpdf.text.Section,53,4,1,12,92,1196,4,48,-11.130409245376017,-11.257723674278138,3.0
33,com.itextpdf.text.xml.xmp.XmpBasicSchema,7,5,0,2,12,21,1,7,-3.5069294814436693,-3.2751063921088193,1.0
34,com.itextpdf.text.pdf.parser.TextRenderInfo,13,1,0,7,32,14,9,8,-8.47130760744768,-9.436947438185928,8.0
35,com.itextpdf.text.pdf.PdfLister,6,1,0,8,31,0,0,6,-7.883099498186823,-9.238797182998532,4.0
36,com.itextpdf.text.pdf.CFFFont$UInt32Item,3,2,0,1,5,1,1,3,-2.024442467734902,-1.9986892463052661,3.0
37,com.itextpdf.text.pdf.PdfSignatureAppearance$RangeStream,4,2,0,1,12,2,1,2,-1.982108954387961,-2.4083210072363337,5.0
38,com.itextpdf.text.Annotation,29,1,0,3,37,126,4,28,-6.788188300199038,-7.346451236884565,3.0
39,com.itextpdf.text.html.HtmlTags,1,1,0,0,2,0,0,1,0.6001384041726006,0.5893628394357852,0.0
40,com.itextpdf.text.pdf.crypto.IVGenerator,4,1,0,1,16,4,1,2,-2.40804525294579,-3.283093451618986,1.0
41,com.itextpdf.text.pdf.qrcode.MaskUtil,7,1,0,2,18,21,2,5,-4.555437103221491,-5.293483007359478,5.0
42,com.itextpdf.text.pdf.SequenceList,7,1,0,0,24,5,3,1,-0.047974557045202704,-0.8735712980942524,0.0
43,com.itextpdf.text.pdf.StampContent,5,2,0,8,8,0,2,2,-7.80362681188602,-8.043677673358953,3.0
44,com.itextpdf.text.pdf.PRTokeniser,31,1,0,4,54,133,9,30,-7.556694588043439,-8.381319896834531,3.0
45,com.itextpdf.text.pdf.PdfSignatureAppearance$1,1,1,0,1,3,0,2,0,-1.9235816722928396,-2.230030207878772,5.0
46,com.itextpdf.text.pdf.codec.PngWriter,14,1,0,1,27,71,1,9,-3.5943878309950743,-4.22344440916114,4.0
47,com.itextpdf.text.pdf.qrcode.ReedSolomonException,1,3,0,0,2,0,0,1,1.3542185433108733,1.7769261723301906,0.0
48,com.itextpdf.text.pdf.PdfNull,3,2,0,1,4,3,7,2,-2.2150247449872165,-2.047074875430913,3.0
49,com.itextpdf.text.Anchor,17,5,0,6,39,0,1,17,-6.434674624560429,-6.729889243582103,3.0
50,com.itextpdf.text.pdf.BarcodePDF417,56,1,0,7,87,1070,0,28,-10.003754410252997,-10.90290387905033,4.0
51,com.itextpdf.text.pdf.internal.PolylineShapeIterator,6,1,0,2,11,0,1,5,-4.085969327347948,-4.581881928806113,3.0
52,com.itextpdf.text.pdf.codec.TiffWriter,7,1,0,2,26,9,2,7,-4.28298740831995,-5.29010322881697,2.0
53,com.itextpdf.text.pdf.richmedia.RichMediaActivation,7,3,0,7,9,21,1,7,-7.777951982510511,-7.719185071370827,7.0
54,com.itextpdf.text.pdf.PdfBorderArray,2,3,0,4,5,1,1,2,-4.954507576676303,-5.011710165212891,3.0
55,com.itextpdf.text.html.simpleparser.StyleSheet,7,1,0,3,40,0,1,7,-4.816112287473332,-6.189278445688837,7.0
56,com.itextpdf.text.pdf.Barcode,38,1,7,7,43,663,7,38,-10.84740205925357,-10.464030868076566,4.0
57,com.itextpdf.text.pdf.PdfNumberTree,4,1,0,9,28,6,2,3,-8.378000109031174,-9.836726135435342,3.0
58,com.itextpdf.text.pdf.PdfLayerMembership,8,3,0,9,18,20,2,7,-8.468368618616653,-8.85089912340751,3.0
59,com.itextpdf.text.pdf.PdfGraphics2D$Kid,1,1,0,1,2,0,1,0,-2.0347771478742263,-2.1268308114403163,3.0
60,com.itextpdf.text.pdf.XfaForm$Xml2SomDatasets,4,2,0,2,45,0,2,2,-2.844619477625678,-4.270161363375246,3.0
61,com.itextpdf.text.pdf.PdfEncryption,29,1,0,17,81,208,11,22,-12.294791189138957,-13.598074229571578,3.0
62,com.itextpdf.text.pdf.CFFFont$UInt24Item,3,2,0,1,5,1,1,3,-2.024442467734902,-1.9986892463052661,3.0
63,com.itextpdf.text.pdf.parser.XObjectDoHandler,1,1,0,3,1,0,4,1,-4.82641392048061,-4.697573082336425,10.0
64,com.itextpdf.text.error_messages.MessageLocalization,10,1,0,1,34,37,117,5,-3.1385052493610246,-4.107252962673455,3.0
65,com.itextpdf.text.pdf.PdfFormField,37,4,0,16,69,640,16,29,-11.533342718825134,-12.001040545206656,3.0
66,com.itextpdf.text.pdf.PdfCopy$PageStamp,8,1,0,20,68,0,1,4,-11.016783760053947,-12.908687133838582,4.0
67,com.itextpdf.text.pdf.PdfResources,2,3,0,3,7,1,1,0,-3.995058757235398,-4.240490514279654,3.0
68,com.itextpdf.text.pdf.PdfDeveloperExtension,6,1,0,5,10,3,4,5,-6.994738635126197,-7.494440905109539,3.0
69,com.itextpdf.text.pdf.PdfColor,2,3,0,4,8,1,1,0,-4.797786356116746,-5.157161545192884,3.0
70,com.itextpdf.text.pdf.PdfReaderInstance,10,1,0,17,64,0,6,0,-10.62138395149293,-12.342291153776996,3.0
71,com.itextpdf.text.pdf.BarcodeEANSUPP,4,2,0,6,21,0,0,4,-6.350618563574099,-7.325819062478533,5.0
72,com.itextpdf.text.pdf.PdfDictionary,30,2,42,10,62,251,120,29,-11.907410264450764,-10.919370774997315,3.0
73,com.itextpdf.text.SplitCharacter,1,1,0,1,1,0,3,1,-2.1914983684337828,-1.9813794314603237,3.0
74,com.itextpdf.text.pdf.interfaces.PdfEncryptionSettings,2,1,0,1,2,1,4,2,-2.493335516049174,-2.360010023441053,1.0
75,com.itextpdf.text.pdf.codec.JBIG2Image,4,1,0,7,15,6,1,4,-7.759614198737952,-8.748969447472904,3.0
76,com.itextpdf.text.pdf.codec.Base64$InputStream,4,3,0,2,12,4,1,4,-3.2989818607954744,-3.5881679491309857,3.0
77,com.itextpdf.text.pdf.codec.TIFFField,23,1,0,0,26,0,2,22,-0.624772117329935,-0.9305263581813867,0.0
78,com.itextpdf.text.pdf.MultiColumnText$ColumnDef,6,1,0,1,11,0,1,0,-2.5446425368335697,-2.9930104983467003,3.0
79,com.itextpdf.text.pdf.CFFFont$DictOffsetItem,3,3,0,1,5,0,2,3,-1.5913599642611818,-1.3920165920245384,3.0
80,com.itextpdf.text.pdf.codec.TIFFDirectory,32,1,0,3,74,266,1,19,-6.733708226266533,-7.740398280452358,3.0
81,com.itextpdf.text.exceptions.IllegalPdfSyntaxException,1,5,0,0,2,0,4,1,1.795327147245355,2.471606189304853,0.0
82,com.itextpdf.text.pdf.PdfNameTree,4,1,0,10,27,6,5,3,-8.753873852456612,-10.19762412124214,3.0
83,com.itextpdf.text.pdf.events.IndexEvents,11,2,0,7,38,33,2,10,-7.9787568556175374,-8.891140883625388,5.0
84,com.itextpdf.text.pdf.ExtraEncoding,3,1,0,0,3,3,5,3,-0.10746770845204129,0.05448642921518054,0.0
85,com.itextpdf.text.pdf.PdfCopy$RefKey,6,1,0,2,17,0,2,3,-3.9292481067883926,-4.727333308786106,4.0
86,com.itextpdf.text.pdf.PdfSignature,9,3,1,7,17,36,2,9,-8.152218731541824,-8.08108962775215,3.0
87,com.itextpdf.text.pdf.parser.PdfContentStreamProcessor$SetTextHorizontalScaling,3,1,0,6,7,3,1,1,-7.236694156555887,-7.819483962251907,10.0
88,com.itextpdf.text.pdf.events.IndexEvents$Entry,11,1,0,1,28,11,2,11,-3.0840808668550204,-3.8761864600725255,5.0
89,com.itextpdf.text.pdf.hyphenation.CharVector,13,1,0,1,16,0,3,13,-2.988593957455463,-3.3220559352299954,0.0
90,com.itextpdf.text.pdf.PdfTransparencyGroup,3,3,0,4,6,3,4,3,-5.255168153936138,-5.26550601522919,3.0
91,com.itextpdf.text.pdf.OutputStreamCounter,8,2,0,0,14,0,9,8,0.4078558604899283,0.2638155484892134,0.0
92,com.itextpdf.text.pdf.PdfWriter,152,2,4,86,417,9082,87,111,-19.98177441539372,-20.760561946112443,3.0
93,com.itextpdf.text.pdf.parser.PdfContentStreamProcessor$TextSetTextMatrix,3,1,0,6,10,3,1,1,-7.113604755187897,-7.933721990937255,10.0
94,com.itextpdf.text.pdf.Pfm2afm,11,1,0,2,39,0,1,1,-4.070515166044581,-5.172488186098295,3.0
95,com.itextpdf.text.pdf.codec.wmf.Point,2,1,0,0,3,1,2,2,0.25277551157903955,0.2529842309965927,0.0
96,com.itextpdf.text.pdf.codec.TIFFFaxDecoder,16,1,0,1,19,6,3,6,-3.4250356616223416,-3.756972522220003,3.0
97,com.itextpdf.text.BadElementException,3,4,0,1,6,3,11,2,-1.5292396754446116,-1.2925833156646123,1.0
98,com.itextpdf.text.MarkedObject,9,1,1,3,14,14,3,8,-6.185402552076141,-6.338837844760838,3.0
99,com.itextpdf.text.pdf.FontMapper,2,1,0,1,2,1,4,2,-2.493335516049174,-2.360010023441053,3.0
100,com.itextpdf.text.pdf.parser.PdfContentStreamProcessor$BeginText,3,1,0,5,9,3,1,1,-6.56445899534196,-7.295470750159538,10.0
101,com.itextpdf.text.pdf.PdfCopyFieldsImp,28,3,1,25,148,278,3,3,-13.054603082010159,-14.10317394207333,3.0
102,com.itextpdf.text.pdf.Type3Font,23,2,0,18,66,235,0,18,-11.972092847418402,-12.997032137562359,5.0
103,com.itextpdf.text.pdf.DefaultFontMapper$BaseFontParameters,1,1,0,0,2,0,2,1,0.6001384041726006,0.5893628394357852,3.0
104,com.itextpdf.text.pdf.PdfDocument$Destination,1,1,0,4,2,0,3,1,-5.517946043780572,-5.7174435096881115,3.0
105,com.itextpdf.text.Chunk,55,1,0,14,91,1223,27,53,-12.384517658650484,-13.398849701194644,3.0
106,com.itextpdf.text.pdf.PdfBoolean,5,2,0,3,11,0,20,4,-4.609777755275877,-4.969134208878582,3.0
107,com.itextpdf.text.pdf.AcroFields$RevisionStream,5,2,0,2,12,2,1,3,-3.6756220998058744,-4.050877322516036,3.0
108,com.itextpdf.text.pdf.richmedia.RichMediaInstance,3,3,0,6,7,1,1,3,-6.362503049147685,-6.518131290996516,5.0
109,com.itextpdf.text.ImgJBIG2,5,3,0,1,14,6,4,4,-1.9128348744137766,-2.1595519719527823,3.0
110,com.itextpdf.text.pdf.PdfPrinterGraphics2D,2,4,0,3,3,0,1,2,-3.9001049025212318,-3.4957403981834374,3.0
111,com.itextpdf.text.PageSize,3,1,0,3,18,3,2,2,-4.775041499979563,-5.936849794087163,3.0
112,com.itextpdf.text.pdf.PdfPageElement,2,1,0,1,2,1,0,2,-2.493335516049174,-2.360010023441053,4.0
113,com.itextpdf.text.xml.simpleparser.EntitiesToUnicode,4,1,0,0,22,4,1,3,0.3437085331300308,-0.675336184234962,0.0
114,com.itextpdf.text.ZapfDingbatsList,5,2,0,6,20,0,0,5,-6.52078593209621,-7.362815950389897,4.0
115,com.itextpdf.text.pdf.FdfWriter$Wrt,3,3,0,13,25,1,1,0,-8.541842409923316,-9.657140598041167,3.0
116,com.itextpdf.text.pdf.MappedRandomAccessFile$1,3,1,0,0,7,1,1,2,0.28055995595883043,-0.08037500884228305,0.0
117,com.itextpdf.text.pdf.PdfDocument$PdfCatalog,4,3,0,13,25,4,4,0,-8.886881518384943,-9.87326691013866,3.0
118,com.itextpdf.text.pdf.PdfObject,21,1,9,3,27,0,151,17,-6.887916709601086,-6.350339080343926,3.0
119,com.itextpdf.text.pdf.EnumerateTTC,4,3,0,4,21,0,1,0,-4.75858833207869,-5.514422480634049,3.0
120,com.itextpdf.text.pdf.VerticalText,20,1,0,10,56,106,0,17,-10.149531024278144,-11.32284724586834,4.0
121,com.itextpdf.text.pdf.PdfException,3,4,1,1,6,3,7,1,-1.8543520707617112,-1.2925833156646123,1.0
122,com.itextpdf.text.pdf.parser.InlineImageUtils,9,1,0,9,45,32,1,1,-9.046952452676404,-10.460872905348417,6.0
123,com.itextpdf.text.pdf.qrcode.BitMatrix,12,1,0,1,22,0,1,12,-2.8098967619866366,-3.408671103396263,1.0
124,com.itextpdf.text.pdf.XfaForm$Xml2Som,15,1,3,2,49,87,5,14,-5.650470883050681,-6.07225877033614,3.0
125,com.itextpdf.text.pdf.TrueTypeFont$WindowsMetrics,1,1,0,0,2,0,2,0,0.6001384041726006,0.5893628394357852,3.0
126,com.itextpdf.text.pdf.hyphenation.Hyphenation,6,1,0,0,13,0,3,5,0.14985565798450295,-0.3321148957054849,0.0
127,com.itextpdf.text.pdf.parser.PdfContentStreamProcessor$ShowText,3,1,0,5,6,3,2,1,-6.702321739729271,-7.167521731211314,10.0
128,com.itextpdf.text.pdf.draw.LineSeparator,12,2,1,3,20,26,4,12,-5.9350928490579875,-5.938606185049484,5.0
129,com.itextpdf.text.pdf.PdfSpotColor,3,1,0,11,19,0,8,2,-8.691235914707988,-10.032736500732117,3.0
130,com.itextpdf.text.pdf.codec.JBIG2SegmentReader$JBIG2Segment,3,1,0,0,4,1,2,3,0.09889317139505752,0.08822809683151073,3.0
131,com.itextpdf.text.pdf.PushbuttonField,22,2,0,23,92,117,1,21,-12.577772253156889,-13.903792471181944,3.0
132,com.itextpdf.text.pdf.BidiOrder,29,1,0,2,37,186,2,8,-5.761646655013226,-6.2826473372173215,3.0
133,com.itextpdf.text.pdf.Barcode128,12,2,0,8,61,46,0,9,-8.3702335068463,-9.595708931491254,5.0
134,com.itextpdf.text.pdf.events.PdfPCellEventForwarder,3,1,0,4,10,0,1,3,-5.594324122356422,-6.387630048290545,3.0
135,com.itextpdf.text.DocumentException,3,3,2,0,6,3,74,3,0.34762533891979797,1.0413003338947067,0.0
136,com.itextpdf.text.pdf.qrcode.ReedSolomonEncoder,3,1,0,2,17,0,1,2,-3.462128977213334,-4.562553511776798,1.0
137,com.itextpdf.text.pdf.PdfEncodings$Cp437Conversion,6,1,0,3,13,7,1,3,-5.480308350918937,-6.105870212540642,3.0
138,com.itextpdf.text.pdf.PdfPTableEventSplit,1,1,0,2,1,0,2,1,-3.732825158948162,-3.5702508619197366,3.0
139,com.itextpdf.text.pdf.qrcode.MatrixUtil,22,1,0,6,43,211,1,10,-8.725839032370196,-9.597854621182819,6.0
140,com.itextpdf.text.pdf.CFFFont$StringItem,3,2,0,1,7,0,2,3,-1.7931360238835865,-1.9880993043827369,3.0
141,com.itextpdf.text.pdf.PdfEncodings$1,0,1,0,0,0,0,4,0,0.7540801391382728,1.1875633328944055,3.0
142,com.itextpdf.text.pdf.TextField,31,2,0,24,129,327,2,23,-13.056302491252325,-14.448978555608084,3.0
143,com.itextpdf.text.pdf.PdfLayer,24,3,0,12,44,242,6,20,-10.409524347038523,-10.891100235754013,3.0
144,com.itextpdf.text.pdf.CFFFont$Item,4,1,12,0,5,4,14,3,-1.3787334485755678,-0.19330192450131978,3.0
145,com.itextpdf.text.pdf.events.IndexEvents$1,3,1,0,2,8,3,1,2,-3.9702676098941336,-4.541481412080319,5.0
146,com.itextpdf.text.pdf.PdfReader,146,1,1,44,399,8305,51,103,-17.455189293141284,-18.829646033017198,3.0
147,com.itextpdf.text.pdf.CJKFont,34,2,0,15,91,445,2,18,-11.621485688644382,-12.652946709685443,3.0
148,com.itextpdf.text.pdf.qrcode.Version$ECBlocks,6,1,0,1,8,0,2,4,-2.6558380124149563,-2.8898111019082444,2.0
149,com.itextpdf.text.pdf.parser.PdfContentStreamProcessor$ShowTextArray,3,1,0,8,11,3,1,1,-8.035314476873953,-8.94974588985429,10.0
150,com.itextpdf.text.pdf.PRIndirectReference,5,3,0,4,13,0,25,3,-5.085476921160358,-5.40596798856542,3.0
151,com.itextpdf.text.html.WebColors,4,3,0,2,26,4,1,2,-3.016477694247061,-3.850357209320862,4.0
152,com.itextpdf.text.pdf.parser.PdfContentStreamProcessor$EndMarkedContent,3,1,0,4,5,3,1,1,-6.068830935845657,-6.397771299888709,10.0
153,com.itextpdf.text.pdf.PdfPageEventHelper,12,1,2,5,13,66,2,12,-8.421917728224734,-8.225907025072383,4.0
154,com.itextpdf.text.pdf.parser.ContentByteUtils,3,1,0,7,22,3,3,2,-7.336109982818751,-8.721580163126761,4.0
155,com.itextpdf.text.html.simpleparser.HTMLTagProcessor,2,1,0,2,2,1,16,2,-4.034662306563552,-3.9488814539004657,9.0
156,com.itextpdf.text.pdf.interfaces.PdfXConformance,3,1,0,0,3,3,2,3,-0.10746770845204129,0.05448642921518054,0.0
157,com.itextpdf.text.pdf.hyphenation.SimplePatternParser,14,1,0,5,48,73,1,10,-7.55907410032206,-8.733756825118823,4.0
158,com.itextpdf.text.Chapter,5,5,1,2,10,8,1,5,-3.501595830380112,-2.98373897284091,3.0
159,com.itextpdf.text.pdf.CFFFont$SubrMarkerItem,2,2,0,3,4,0,1,2,-4.369586108733033,-4.450981386164617,3.0
160,com.itextpdf.text.pdf.richmedia.RichMediaDeactivation,2,3,0,3,4,1,1,2,-4.176725541799171,-4.07188740860586,4.0
161,com.itextpdf.text.pdf.codec.LZWCompressor,3,1,0,2,11,0,1,3,-3.61885019777289,-4.417102131796805,1.0
162,com.itextpdf.text.ListItem,14,6,0,4,31,85,11,14,-5.693842658963946,-5.744778751569717,3.0
163,com.itextpdf.text.Meta,11,1,1,3,18,33,3,10,-6.388019098227857,-6.611658358707096,3.0
164,com.itextpdf.text.pdf.crypto.AESCipher,3,1,0,7,15,0,2,3,-7.236159035770779,-8.363817399528052,0.0
165,com.itextpdf.text.pdf.codec.wmf.MetaBrush,5,2,0,3,8,0,2,5,-4.720973230857263,-4.865934812440127,3.0
166,com.itextpdf.text.pdf.PdfSmartCopy,2,4,0,16,20,0,0,1,-8.759451427220307,-9.760545298640718,5.0
167,com.itextpdf.text.pdf.parser.PdfContentStreamProcessor$BeginMarkedContentDictionary,4,1,0,8,10,6,1,1,-8.352179522492834,-9.076105909782527,10.0
168,com.itextpdf.text.pdf.collection.PdfCollectionField,6,3,0,8,18,9,2,6,-7.7295121349052485,-8.24223044239892,3.0
169,com.itextpdf.text.pdf.PdfPage,7,3,0,6,12,13,3,1,-7.09061732364929,-7.215841566932185,3.0
170,com.itextpdf.text.pdf.PdfPattern,2,4,0,10,16,1,2,0,-7.306428792142673,-8.09267788919644,3.0
171,com.itextpdf.text.pdf.internal.PdfViewerPreferencesImp,10,1,0,8,20,11,3,7,-8.85377943171806,-9.628714718770118,3.0
172,com.itextpdf.text.pdf.interfaces.PdfAnnotations,4,1,0,3,4,6,1,4,-5.574282127395841,-5.615521914504559,3.0
173,com.itextpdf.text.Font$FontStyle,5,2,0,1,8,6,1,3,-2.4232517967761242,-2.4691882206894147,3.0
174,com.itextpdf.text.pdf.PdfStamperImp,64,3,0,58,341,1016,7,18,-16.421164676920924,-18.062299174869278,3.0
175,com.itextpdf.text.pdf.qrcode.CharacterSetECI,7,1,0,0,11,15,1,3,-0.5016313799575703,-0.7712927409654096,0.0
176,com.itextpdf.text.pdf.PdfName,10,2,0,4,37,35,146,9,-6.139409742571712,-7.023810835887624,3.0
177,com.itextpdf.text.Element,6,1,0,1,6,15,36,6,-3.233420463282981,-3.254815123607078,3.0
178,com.itextpdf.text.pdf.internal.PdfAnnotationsImp,12,1,0,16,74,4,2,11,-10.767122900130959,-12.483042142766353,3.0
179,com.itextpdf.text.xml.xmp.XmpSchema,9,4,5,2,24,34,8,8,-4.55964237409146,-3.963984582157428,0.0
180,com.itextpdf.text.pdf.events.FieldPositioningEvents,10,2,0,16,32,0,0,10,-10.225010000134066,-11.180454022603508,5.0
181,com.itextpdf.text.pdf.parser.PdfContentStreamProcessor$1,0,1,0,0,0,0,26,0,0.7540801391382728,1.1875633328944055,10.0
182,com.itextpdf.text.DocWriter,26,1,1,7,43,203,15,17,-9.685729621763109,-10.162014365898274,3.0
183,com.itextpdf.text.pdf.parser.PdfImageObject,9,1,0,19,52,14,3,7,-11.49049030132707,-13.098444682194994,5.0
184,com.itextpdf.text.pdf.PdfDocument$Indentation,1,1,0,0,2,0,1,1,0.6001384041726006,0.5893628394357852,3.0
185,com.itextpdf.text.pdf.PdfPKCS7$X509NameTokenizer,3,1,0,0,11,0,1,3,0.5573921447883152,-0.11203705046129087,3.0
186,com.itextpdf.text.Rectangle,66,1,3,5,77,1597,56,64,-9.811281253716631,-9.845596278312382,3.0
187,com.itextpdf.text.pdf.PdfChunk,39,1,0,11,107,429,7,9,-11.0121593822418,-12.311144822554972,3.0
188,com.itextpdf.text.xml.simpleparser.SimpleXMLDocHandlerComment,1,1,0,0,1,0,2,1,0.4434171836130442,0.7348142194157778,0.0
189,com.itextpdf.text.pdf.codec.TiffWriter$FieldUndefined,1,2,0,1,2,0,1,1,-1.5936685439397444,-1.4321507944656537,2.0
190,com.itextpdf.text.pdf.XfaForm$Xml2SomTemplate,5,2,0,2,33,0,1,4,-3.113644066558207,-4.215409864703459,3.0
191,com.itextpdf.text.pdf.PdfStructureElement,6,3,0,9,20,0,2,4,-7.692342982317668,-8.313002942791073,3.0
192,com.itextpdf.text.pdf.codec.PngImage,24,1,0,16,87,226,1,7,-11.912344705159821,-13.35930107179644,3.0
193,com.itextpdf.text.pdf.parser.PdfContentStreamProcessor$IgnoreXObjectDoHandler,3,1,0,5,4,3,1,1,-6.832375691482903,-7.04681997374109,10.0
194,com.itextpdf.text.pdf.parser.PdfTextExtractor,3,1,0,5,8,3,1,2,-6.6051831619409604,-7.25767506295642,12.0
195,com.itextpdf.text.pdf.PdfContentByte$GraphicState,2,1,0,2,3,0,2,0,-3.8033558627122375,-3.938291511977937,3.0
196,com.itextpdf.text.pdf.qrcode.WriterException,2,3,0,0,4,1,4,2,1.0931055622944827,1.3604998931463437,0.0
197,com.itextpdf.text.pdf.collection.PdfCollectionSort,4,3,0,6,14,6,1,4,-6.522876111708203,-7.014993051305029,3.0
198,com.itextpdf.text.pdf.SimpleBookmark,20,1,0,21,131,168,1,14,-12.53906706694474,-14.415316439513958,3.0
199,com.itextpdf.text.pdf.CFFFont$IndexBaseItem,1,2,0,1,2,0,4,1,-1.5936685439397444,-1.4321507944656537,3.0
200,com.itextpdf.text.pdf.parser.PdfContentStreamProcessor$MoveNextLineAndShowText,2,1,0,5,6,0,2,2,-6.2219675514282615,-6.855234591068918,10.0
201,com.itextpdf.text.pdf.codec.wmf.InputMeta,8,1,0,2,12,0,5,8,-4.264806723012231,-4.684595378846418,3.0
202,com.itextpdf.text.pdf.events.PdfPageEventForwarder,13,1,0,5,30,0,1,13,-6.932623932530831,-7.842634966614165,3.0
203,com.itextpdf.text.pdf.PdfContentParser$1,1,1,0,1,3,0,1,0,-1.9235816722928396,-2.230030207878772,3.0
204,com.itextpdf.text.xml.simpleparser.SimpleXMLParser,14,1,0,9,63,51,6,4,-9.33655241803137,-10.773380463149993,3.0
205,com.itextpdf.text.html.simpleparser.HTMLTagProcessors,2,3,0,15,18,0,1,1,-8.810438276633935,-9.869386622802564,9.0
206,com.itextpdf.text.pdf.codec.JBIG2SegmentReader$JBIG2Page,3,1,0,2,17,0,2,3,-3.462128977213334,-4.562553511776798,3.0
207,com.itextpdf.text.pdf.PdfSignatureAppearance$RenderingMode,4,2,0,1,7,4,2,2,-2.2582861006151425,-2.3180149548412143,5.0
208,com.itextpdf.text.pdf.codec.wmf.MetaFont,8,2,0,8,23,12,2,7,-8.207425437639138,-8.935988307027593,3.0
209,com.itextpdf.text.pdf.PdfNumber,8,2,0,3,17,0,101,8,-4.791503934621339,-5.233975462498328,3.0
210,com.itextpdf.text.pdf.parser.TextExtractionStrategy,1,1,0,1,1,0,6,1,-2.1914983684337828,-1.9813794314603237,10.0
211,com.itextpdf.text.pdf.PdfAction,29,3,1,20,68,406,23,26,-12.634017133942447,-13.062062276931378,3.0
212,com.itextpdf.text.pdf.GlyphList,4,1,0,3,31,2,5,3,-4.709959213217639,-6.142331348173893,3.0
213,com.itextpdf.text.pdf.parser.PdfReaderContentParser,2,1,0,6,8,0,1,2,-6.710814223276708,-7.549448805651046,11.0
214,com.itextpdf.text.pdf.PdfWriter$PdfTrailer,2,3,0,7,9,0,2,1,-6.423613429435126,-6.9229424975394265,3.0
215,com.itextpdf.text.pdf.PdfEncodings,17,1,0,10,72,98,22,10,-9.91176488599744,-11.35345240976567,3.0
216,com.itextpdf.text.pdf.BarcodeDatamatrix$Placement,10,1,0,0,16,1,1,0,-0.27248802997910004,-0.6486410550623101,4.0
217,com.itextpdf.text.pdf.PdfPTableEvent,1,1,0,2,1,0,4,1,-3.732825158948162,-3.5702508619197366,3.0
218,com.itextpdf.text.pdf.hyphenation.ByteVector,11,1,0,0,13,0,1,11,-0.3000522640116303,-0.4908233093961084,0.0
219,com.itextpdf.text.Phrase,35,4,2,12,89,383,16,32,-10.797802988573622,-10.939928811887023,3.0
220,com.itextpdf.text.pdf.qrcode.EncodeHintType,2,1,0,0,3,1,2,0,0.25277551157903955,0.2529842309965927,0.0
221,com.itextpdf.text.pdf.PdfArray,30,2,6,11,60,55,85,30,-11.138571231962867,-11.001849779565525,3.0
222,com.itextpdf.text.pdf.internal.PdfVersionImp,11,1,0,9,27,25,3,10,-9.349709933711043,-10.297334011347527,3.0
223,com.itextpdf.text.pdf.PdfGState,11,3,0,5,16,55,3,10,-6.979611453983832,-7.054982834509892,3.0
224,com.itextpdf.text.pdf.richmedia.RichMediaAnimation,4,3,0,4,8,6,1,4,-5.441262802575142,-5.513232718197178,4.0
225,com.itextpdf.text.pdf.parser.PdfContentStreamProcessor$SetTextRise,3,1,0,6,7,3,1,1,-7.236694156555887,-7.819483962251907,10.0
226,com.itextpdf.text.pdf.PdfSigGenericPKCS,6,4,3,7,26,3,5,6,-7.394638205258713,-7.37400590256967,4.0
227,com.itextpdf.text.pdf.PdfEncryptor,16,1,0,3,26,120,0,15,-6.437791404499189,-7.0486676767272085,6.0
228,com.itextpdf.text.pdf.PdfCopy$StampContent,3,2,0,3,4,0,1,1,-4.609718360494186,-4.535689849585045,4.0
229,com.itextpdf.text.pdf.parser.RenderFilter,3,1,2,2,4,3,5,3,-4.712751094533312,-4.330626322864989,9.0
230,com.itextpdf.text.pdf.PdfRendition,1,3,0,6,9,0,1,0,-5.577562517634416,-6.280291286320005,3.0
231,com.itextpdf.text.pdf.FontSelector,3,1,0,8,28,0,1,3,-7.454029631186412,-9.03870425016152,3.0
232,com.itextpdf.text.pdf.PdfCopyFormsImp,3,4,0,6,23,1,1,1,-5.695105549862005,-6.529923446078175,4.0
233,com.itextpdf.text.FontProvider,2,1,0,2,2,1,3,2,-4.034662306563552,-3.9488814539004657,3.0
234,com.itextpdf.text.pdf.codec.TiffWriter$FieldByte,1,2,0,1,2,0,0,1,-1.5936685439397444,-1.4321507944656537,2.0
235,com.itextpdf.text.pdf.StandardDecryption,3,1,0,2,12,0,1,3,-3.587911923202191,-4.445815631566915,1.0
236,com.itextpdf.text.pdf.CFFFont$MarkerItem,2,2,0,2,4,0,2,2,-3.275997347200585,-3.3236591657479284,3.0
237,com.itextpdf.text.pdf.richmedia.RichMediaConfiguration,3,3,0,6,7,1,1,3,-6.362503049147685,-6.518131290996516,6.0
238,com.itextpdf.text.pdf.CFFFont$UInt8Item,3,2,0,1,5,1,2,3,-2.024442467734902,-1.9986892463052661,3.0
239,com.itextpdf.text.pdf.XfaForm$Stack2,5,4,0,0,11,10,5,5,0.8002687852286183,0.9447999751203362,3.0
240,com.itextpdf.text.pdf.PdfEncodings$SymbolTTConversion,5,1,0,2,8,10,1,3,-4.484008754637428,-4.8269390439879105,3.0
241,com.itextpdf.text.html.simpleparser.HTMLTagProcessors$11,3,1,0,5,18,3,1,2,-6.316368290493942,-7.525721224546575,9.0
242,com.itextpdf.text.pdf.BarcodePDF417$SegmentList,5,1,0,1,12,0,1,4,-2.385032532592832,-2.9763340747472533,4.0
243,com.itextpdf.text.html.simpleparser.HTMLTagProcessors$12,3,1,0,3,13,3,1,2,-4.89307825307395,-5.82730107717035,9.0
244,com.itextpdf.text.pdf.PRAcroForm$FieldInformation,4,1,0,2,5,0,1,3,-4.073027938915319,-4.234156344197819,3.0
245,com.itextpdf.text.html.simpleparser.HTMLTagProcessors$10,3,1,0,3,7,3,1,2,-5.109382116404752,-5.626551648955472,9.0
246,com.itextpdf.text.pdf.ICC_Profile,7,1,0,2,21,15,6,5,-4.443588845569399,-5.293795247424729,3.0
247,com.itextpdf.text.pdf.draw.VerticalPositionMark,12,1,1,6,18,32,1,12,-8.576970880720614,-8.823258618679146,4.0
248,com.itextpdf.text.xml.simpleparser.EntitiesToSymbol,4,1,0,4,17,4,0,3,-5.869121159336857,-6.894210430023658,4.0
249,com.itextpdf.text.html.simpleparser.HTMLTagProcessors$13,3,1,0,5,13,3,1,2,-6.434405043588328,-7.416172507629763,9.0
250,com.itextpdf.text.html.simpleparser.HTMLTagProcessors$14,3,1,0,4,8,3,1,2,-5.912109715286101,-6.543222679868702,9.0
251,com.itextpdf.text.RectangleReadOnly,31,2,0,3,44,465,1,30,-6.560867462851012,-6.944839050071284,3.0
252,com.itextpdf.text.pdf.BarcodeDatamatrix,27,1,0,6,41,261,0,14,-8.944711088128708,-9.673851229391786,4.0
253,com.itextpdf.text.pdf.MultiColumnText,32,1,0,11,72,276,2,26,-10.926769182311395,-12.041803536596378,3.0
254,com.itextpdf.text.pdf.parser.TaggedPdfReaderTool,8,1,0,14,41,22,0,7,-10.472938292635376,-11.926821554848184,12.0
255,com.itextpdf.text.pdf.TSAClient,2,1,0,1,2,1,2,2,-2.493335516049174,-2.360010023441053,3.0
256,com.itextpdf.text.pdf.PdfImage,5,4,0,12,54,0,3,2,-7.9461102114675,-9.258800330041348,3.0
257,com.itextpdf.text.pdf.parser.Vector,13,1,0,1,23,0,7,13,-2.8553054923587977,-3.445759611825328,1.0
258,com.itextpdf.text.pdf.parser.ImageRenderInfo,9,1,0,7,15,8,8,6,-8.381742493704726,-8.994324393975758,6.0
259,com.itextpdf.text.xml.xmp.XmpArray,2,4,0,1,11,0,3,2,-0.8405514337739051,-1.173648903705777,0.0
260,com.itextpdf.text.html.simpleparser.HTMLTagProcessors$3,3,1,0,2,5,3,1,2,-4.126988830453691,-4.3960300321003265,9.0
261,com.itextpdf.text.html.simpleparser.HTMLTagProcessors$2,3,1,0,2,8,3,1,2,-3.9702676098941336,-4.541481412080319,9.0
262,com.itextpdf.text.html.simpleparser.HTMLTagProcessors$5,3,1,0,5,7,3,1,2,-6.65070890691913,-7.215423079414884,9.0
263,com.itextpdf.text.html.simpleparser.HTMLTagProcessors$4,3,1,0,5,13,3,1,2,-6.434405043588328,-7.416172507629763,9.0
264,com.itextpdf.text.html.simpleparser.HTMLTagProcessors$7,3,1,0,3,12,3,1,2,-4.921722621274497,-5.800716528705573,9.0
265,com.itextpdf.text.html.simpleparser.HTMLTagProcessors$6,3,1,0,2,6,3,1,2,-4.067406187682445,-4.451328080335212,9.0
266,com.itextpdf.text.pdf.PdfSigGenericPKCS$PPKMS,2,5,0,2,3,1,1,2,-2.7282780879094117,-2.1698375004698534,4.0
267,com.itextpdf.text.pdf.qrcode.BitVector,11,1,0,0,21,0,2,10,-0.1253500298334984,-0.6529626862850263,0.0
268,com.itextpdf.text.html.simpleparser.HTMLTagProcessors$9,3,1,0,3,10,3,1,2,-4.986292715036761,-5.74078967764082,9.0
269,com.itextpdf.text.html.simpleparser.HTMLTagProcessors$8,3,1,0,5,14,3,1,2,-6.407737774782404,-7.440922130139531,9.0
270,com.itextpdf.text.pdf.PdfPTable,91,1,0,13,144,2971,9,83,-12.5145077125527,-13.583500498140173,3.0
271,com.itextpdf.text.pdf.parser.PdfContentStreamProcessor$SetTextCharacterSpacing,3,1,0,6,7,3,2,1,-7.236694156555887,-7.819483962251907,10.0
272,com.itextpdf.text.pdf.hyphenation.Hyphen,3,1,0,0,9,0,1,1,0.48692083580592926,-0.04663334122595286,0.0
273,com.itextpdf.text.pdf.PdfGraphics2D$1,0,1,0,0,0,0,2,0,0.7540801391382728,1.1875633328944055,3.0
274,com.itextpdf.text.html.simpleparser.HTMLTagProcessors$1,4,1,0,2,10,6,1,2,-4.17593717993163,-4.771040828447013,9.0
275,com.itextpdf.text.pdf.codec.TiffWriter$FieldShort,2,2,0,1,3,0,1,2,-1.8209204682633775,-1.6547400645438612,2.0
276,com.itextpdf.text.pdf.hyphenation.TernaryTree$Iterator,8,1,0,3,23,0,2,6,-5.121417062974435,-6.0318548759114465,1.0
277,com.itextpdf.text.pdf.codec.TiffWriter$FieldRational,2,2,0,1,3,1,1,2,-1.941031436533306,-1.7685294029048462,2.0
278,com.itextpdf.text.pdf.FdfWriter,18,1,0,11,58,125,2,13,-10.411747285688323,-11.67354781931018,3.0
279,com.itextpdf.text.xml.simpleparser.handler.NeverNewLineHandler,2,1,0,1,3,1,1,2,-2.3821400404677875,-2.463209419879509,1.0
280,com.itextpdf.text.xml.xmp.DublinCoreSchema,9,5,0,2,14,36,1,9,-3.7279647276933527,-3.477490030249357,1.0
281,com.itextpdf.text.html.simpleparser.TableWrapper,9,1,0,5,34,28,2,9,-7.188353997159696,-8.339882047156342,6.0
282,com.itextpdf.text.pdf.hyphenation.Hyphenator,14,1,0,3,33,53,1,13,-6.104407238862158,-6.962060269187534,6.0
283,com.itextpdf.text.pdf.PdfSignatureAppearance$SignatureEvent,1,1,0,1,1,0,1,1,-2.1914983684337828,-1.9813794314603237,5.0
284,com.itextpdf.text.pdf.codec.TIFFLZWDecoder,8,1,0,1,12,0,1,8,-2.7234799324978516,-3.0957239483870054,3.0
285,com.itextpdf.text.pdf.hyphenation.HyphenationException,1,3,0,0,2,0,0,1,1.3542185433108733,1.7769261723301906,0.0
286,com.itextpdf.text.pdf.ByteBuffer,29,2,0,3,58,264,23,27,-6.3044862259313685,-6.93034286454759,3.0
287,com.itextpdf.text.pdf.BaseFont$StreamFont,2,4,0,5,12,0,3,2,-4.985855501764411,-5.5074274848114,3.0
288,com.itextpdf.text.pdf.fonts.cmaps.CodespaceRange,5,1,0,0,6,6,2,5,-0.32658342645208993,-0.35752125504286986,0.0
289,com.itextpdf.text.Document,49,1,1,11,82,802,23,48,-11.733528051519,-12.38493169355111,3.0
290,com.itextpdf.text.html.simpleparser.ChainedProperties,6,1,0,2,22,0,7,5,-3.834502862274677,-4.815265412121307,6.0
291,com.itextpdf.text.pdf.TrueTypeFontSubSet,15,1,0,5,44,3,2,0,-7.140259161414248,-8.24322096065833,3.0
292,com.itextpdf.text.pdf.qrcode.Version$ECB,3,1,0,0,4,0,2,2,0.219004139664986,0.2020174351924956,2.0
293,com.itextpdf.text.pdf.PdfCopy$IndirectReferences,4,1,0,1,5,0,2,0,-2.5317011484009395,-2.645284913738406,4.0
294,com.itextpdf.text.pdf.parser.FilteredTextRenderListener,2,2,0,4,4,0,1,2,-5.2178394525925516,-5.325400433536311,11.0
295,com.itextpdf.text.pdf.parser.PdfContentStreamProcessor$TextMoveNextLine,2,1,0,6,9,0,2,2,-6.670090056677708,-7.587244492854164,10.0
296,com.itextpdf.text.pdf.PdfPKCS7$X509Name,7,1,0,7,32,0,3,6,-7.534928065509403,-8.827605145253573,3.0
297,com.itextpdf.text.Paragraph,35,5,1,6,59,241,15,35,-8.132787782010338,-7.980521168962878,3.0
298,com.itextpdf.text.pdf.CFFFont,18,1,1,15,62,49,2,6,-11.644934828113854,-12.67267216754369,3.0
299,com.itextpdf.text.pdf.parser.PdfContentStreamProcessor$ImageXObjectDoHandler,3,1,0,9,8,3,1,1,-8.54702526733293,-9.259416330744806,10.0
300,com.itextpdf.text.pdf.richmedia.RichMediaWindow,5,3,0,5,10,10,1,4,-6.287280511156161,-6.4275554071134176,5.0
301,com.itextpdf.text.factories.RomanNumberFactory$RomanDigit,1,1,0,0,2,0,1,0,0.6001384041726006,0.5893628394357852,0.0
302,com.itextpdf.text.xml.simpleparser.handler.HTMLNewLineHandler,2,1,0,1,6,0,1,2,-2.0457252088670566,-2.5501695097334034,1.0
303,com.itextpdf.text.pdf.qrcode.ByteArray,10,1,0,0,13,0,2,10,-0.22742264998220385,-0.4652026651130954,0.0
304,com.itextpdf.text.pdf.PdfIndirectObject,6,1,0,5,18,7,35,1,-6.903598388338928,-7.804290359916868,3.0
305,com.itextpdf.text.pdf.PdfAnnotation$PdfImportedLink,8,1,0,12,37,0,1,7,-9.424312725756891,-10.81542520717553,3.0
306,com.itextpdf.text.pdf.PdfContentParser,8,1,0,11,29,0,3,8,-9.211409493958469,-10.416967627991616,3.0
307,com.itextpdf.text.pdf.ColorDetails,4,1,0,5,6,0,5,0,-6.648360848190898,-7.005648043308807,3.0
308,com.itextpdf.text.pdf.parser.LocationTextExtractionStrategy$TextChunk,8,1,0,1,23,10,1,5,-2.902017192305739,-3.7093076600251536,11.0
309,com.itextpdf.text.RomanList,4,2,0,6,17,4,0,4,-6.707071251693992,-7.5180436789737355,4.0
310,com.itextpdf.text.html.simpleparser.HTMLWorker,57,1,0,31,127,1174,15,57,-15.15933446051372,-16.490038849628643,9.0
311,com.itextpdf.text.pdf.codec.TIFFConstants,1,1,0,0,2,0,0,1,0.6001384041726006,0.5893628394357852,0.0
312,com.itextpdf.text.xml.xmp.PdfA1Schema,3,5,0,1,5,3,1,3,-1.3904732968665579,-0.9249152517718456,1.0
313,com.itextpdf.text.pdf.PdfDate,7,3,0,1,30,17,8,5,-2.036036050792513,-2.659719762303987,3.0
314,com.itextpdf.text.pdf.PdfLiteral,8,2,0,3,13,24,44,8,-5.446420575869793,-5.672243454031252,3.0
315,com.itextpdf.text.pdf.PdfTransition,6,1,0,4,10,5,5,6,-6.371925600834555,-6.846551017944868,3.0
316,com.itextpdf.text.pdf.BarcodeQRCode,4,1,0,7,17,0,0,3,-7.376894335794095,-8.471774371889053,9.0
317,com.itextpdf.text.pdf.PdfAnnotation,59,3,1,27,110,1613,21,56,-14.361149126120269,-14.790191113735846,3.0
318,com.itextpdf.text.pdf.codec.JBIG2SegmentReader,12,1,0,4,52,2,2,9,-6.160769288637082,-7.4791003116678105,3.0
319,com.itextpdf.text.pdf.PdfStructureTreeRoot,7,3,0,9,35,1,2,3,-7.715580419309013,-8.65946354938649,3.0
320,com.itextpdf.text.pdf.PdfSignatureAppearance,70,1,0,42,239,2125,1,61,-16.311097534479305,-18.030249100236315,5.0
321,com.itextpdf.text.pdf.AcroFields$FieldPosition,1,1,0,1,2,0,1,1,-2.0347771478742263,-2.1268308114403163,3.0
322,com.itextpdf.text.pdf.codec.Base64$OutputStream,8,3,0,2,19,0,1,8,-3.344219471286099,-3.651565613365014,3.0
323,com.itextpdf.text.pdf.parser.FilteredRenderListener,5,1,1,4,12,0,1,5,-6.193313823816277,-6.566946772995049,10.0
324,com.itextpdf.text.ElementListener,1,1,0,2,1,0,18,1,-3.732825158948162,-3.5702508619197366,3.0
325,com.itextpdf.text.pdf.codec.PngImage$NewByteArrayOutputStream,2,3,0,0,3,1,1,1,1.0068556507173125,1.4405475638909981,3.0
326,com.itextpdf.text.pdf.PdfString,14,2,1,7,32,0,59,12,-7.943640301798525,-8.318019990738124,3.0
327,com.itextpdf.text.pdf.PdfOutline,36,3,0,13,62,452,4,32,-10.996352225261266,-11.51988778326286,3.0
328,com.itextpdf.text.pdf.CFFFont$Font,1,1,0,1,2,0,2,0,-2.0347771478742263,-2.1268308114403163,3.0
329,com.itextpdf.text.pdf.AsianFontMapper,2,2,0,3,8,0,0,2,-4.142393579191091,-4.661836475379948,4.0
330,com.itextpdf.text.pdf.interfaces.PdfDocumentActions,3,1,0,3,3,3,1,3,-5.377298812545695,-5.3779008725370225,3.0
331,com.itextpdf.text.pdf.PdfBorderDictionary,2,3,0,6,7,1,5,2,-6.122370797386533,-6.433422827576089,3.0
332,com.itextpdf.text.pdf.BaseFont,72,1,5,19,144,2448,50,58,-14.484134303750036,-14.881290947766594,3.0
333,com.itextpdf.text.html.simpleparser.LinkProcessor,1,1,0,2,1,0,1,1,-3.732825158948162,-3.5702508619197366,7.0
334,com.itextpdf.text.pdf.IntHashtable,18,1,0,3,29,0,21,17,-5.658877469286218,-6.331921066702257,3.0
335,com.itextpdf.text.pdf.PdfIndirectReference,6,2,1,1,12,0,83,3,-2.3977080536454887,-2.3270439811421464,3.0
336,com.itextpdf.text.Utilities,23,1,0,1,47,253,14,23,-3.9968253711453428,-4.762145946816736,3.0
337,com.itextpdf.text.pdf.hyphenation.HyphenationTree,14,2,0,6,54,45,1,9,-7.576919382268124,-8.606528180717202,5.0
338,com.itextpdf.text.pdf.CFFFont$IndexOffsetItem,4,3,0,1,6,0,2,4,-1.7180383664914207,-1.513019629078887,3.0
339,com.itextpdf.text.ImgTemplate,2,3,0,4,14,1,1,1,-4.600340968958189,-5.340408612375994,3.0
340,com.itextpdf.text.pdf.qrcode.Mode,7,1,0,1,11,9,2,5,-3.0551030589246833,-3.4103290383975717,3.0
341,com.itextpdf.text.pdf.qrcode.QRCode,25,1,0,3,36,144,4,25,-6.702016038227423,-7.31650762770617,4.0
342,com.itextpdf.text.pdf.TrueTypeFont$FontHeader,1,1,0,0,2,0,1,0,0.6001384041726006,0.5893628394357852,3.0
343,com.itextpdf.text.pdf.parser.MarkedContentInfo,4,1,0,3,10,0,2,4,-4.932331823498389,-5.578915989738313,4.0
344,com.itextpdf.text.pdf.PdfFormXObject,2,4,0,13,15,0,1,0,-8.126499102437307,-8.90216791519287,3.0
345,com.itextpdf.text.pdf.PdfCopyFields,18,1,0,11,37,0,0,18,-9.743750327558963,-10.721785242444813,4.0
346,com.itextpdf.text.pdf.PdfPageLabels,10,1,0,13,50,31,3,8,-10.36035268264993,-11.83941383082943,3.0
347,com.itextpdf.text.pdf.PdfOCProperties,1,3,0,1,2,0,2,1,-1.2806970087359533,-0.9392674785459109,3.0
348,com.itextpdf.text.factories.RomanAlphabetFactory,5,1,0,1,10,10,2,5,-2.8651183077332285,-3.310053658672309,3.0
349,com.itextpdf.text.pdf.parser.PdfContentStreamProcessor$SetTextLeading,3,1,0,6,7,3,2,1,-7.236694156555887,-7.819483962251907,10.0
350,com.itextpdf.text.pdf.richmedia.RichMediaCommand,2,3,0,4,4,1,1,2,-5.0249788856586886,-4.946306455977553,4.0
351,com.itextpdf.text.Font$1,1,1,0,1,3,0,1,0,-1.9235816722928396,-2.230030207878772,3.0
352,com.itextpdf.text.pdf.PdfSmartCopy$ByteStore,6,1,0,8,31,7,1,2,-8.243432402996609,-9.580165198081486,5.0
353,com.itextpdf.text.pdf.PdfCopy,23,3,1,40,104,193,2,12,-14.70038963554802,-15.647096710219223,4.0
354,com.itextpdf.text.MarkedSection,19,2,0,6,39,0,2,19,-7.276700660556321,-7.948476155076645,3.0
355,com.itextpdf.text.pdf.fonts.cmaps.CMapParser,9,1,0,6,44,34,3,2,-7.7097870175422205,-9.06496753929707,5.0
356,com.itextpdf.text.pdf.codec.TIFFFaxDecompressor,16,1,0,0,23,12,1,7,-0.8269180801978683,-1.207806108625835,0.0
357,com.itextpdf.text.pdf.AcroFields$Item,18,1,0,5,28,57,5,10,-7.916915727802637,-8.575206868594556,3.0
358,com.itextpdf.text.ChapterAutoNumber,5,6,0,4,13,4,1,5,-4.755555640931262,-4.711393548137004,3.0
359,com.itextpdf.text.pdf.PdfPublicKeyRecipient,5,1,0,0,6,0,2,3,0.010610691513598502,-0.038074195917480846,0.0
360,com.itextpdf.text.BaseColor,17,1,1,1,23,106,54,15,-4.199917685207277,-4.2868666300605325,3.0
361,com.itextpdf.text.factories.RomanNumberFactory,6,1,0,1,13,13,2,5,-2.942364980297941,-3.4815449440679607,0.0
362,com.itextpdf.text.pdf.draw.DrawInterface,1,1,0,1,1,0,4,1,-2.1914983684337828,-1.9813794314603237,3.0
363,com.itextpdf.text.Image,108,2,7,34,189,5282,46,104,-16.668648422934456,-16.72075712513391,3.0
364,com.itextpdf.text.pdf.parser.ContentOperator,1,1,0,2,1,0,27,1,-3.732825158948162,-3.5702508619197366,10.0
365,com.itextpdf.text.xml.xmp.XmpWriter,9,1,0,10,46,14,1,9,-9.2643233528521,-10.712638191866208,3.0
366,com.itextpdf.text.pdf.SimpleNamedDestination,16,1,0,17,82,104,1,14,-11.696717953034206,-13.322172908698265,3.0
367,com.itextpdf.text.xml.xmp.XmpMMSchema,1,5,0,1,2,0,0,1,-0.839588404801472,-0.24458746157124836,1.0
368,com.itextpdf.text.pdf.Type3Glyph,5,2,0,8,14,0,1,2,-7.606181424727463,-8.226924740542064,4.0
369,com.itextpdf.text.pdf.parser.PdfContentReaderTool,8,1,0,11,61,28,0,8,-9.514315608167205,-11.230167450324537,13.0
370,com.itextpdf.text.pdf.PdfPCell,75,2,0,14,133,1317,10,73,-12.065784749953565,-12.941136284683571,3.0
371,com.itextpdf.text.pdf.parser.PdfContentStreamProcessor$PopGraphicsState,3,1,0,4,6,3,2,1,-6.009248293074411,-6.453069348123596,10.0
372,com.itextpdf.text.pdf.PdfPRow,17,1,0,13,90,12,3,14,-10.39152887036655,-12.044263468719581,3.0
373,com.itextpdf.text.pdf.BarcodeDatamatrix$ReedSolomon,5,1,0,0,6,6,1,0,-0.32658342645208993,-0.35752125504286986,4.0
374,com.itextpdf.text.pdf.parser.RenderListener,4,1,0,2,4,6,9,4,-4.4806933658633925,-4.488199694087871,9.0
375,com.itextpdf.text.pdf.PdfDestination,7,3,0,6,17,0,8,7,-6.507529291424817,-6.899343049655695,3.0
376,com.itextpdf.text.pdf.MappedRandomAccessFile,11,1,0,1,31,0,1,9,-2.6154382871073727,-3.503569084894228,0.0
377,com.itextpdf.text.exceptions.InvalidPdfException,1,4,1,0,2,0,3,1,1.2718657305789551,2.159236173646973,0.0
378,com.itextpdf.text.pdf.PdfPKCS7,53,1,0,39,203,1206,6,43,-15.772442123094919,-17.51502680440836,3.0
379,com.itextpdf.text.pdf.BadPdfFormatException,2,5,0,1,4,1,5,0,-1.1007013858178627,-0.6610137407550956,2.0
380,com.itextpdf.text.pdf.PdfSigGenericPKCS$VeriSign,2,5,0,4,5,1,1,2,-4.513398972741822,-4.317030148238229,4.0
381,com.itextpdf.text.pdf.XfaForm,32,1,0,19,109,376,2,30,-12.763539914295142,-14.241230157537386,3.0
382,com.itextpdf.text.pdf.PdfDashPattern,6,3,0,4,12,0,5,6,-5.242793019030942,-5.424773363470199,3.0
383,com.itextpdf.text.pdf.parser.TextMarginFinder,11,1,0,4,16,0,0,11,-6.34309112369177,-6.867278710108235,10.0
384,com.itextpdf.text.pdf.interfaces.PdfRunDirection,2,1,0,0,2,1,1,2,0.1415800359976527,0.35618362743504833,0.0
385,com.itextpdf.text.pdf.PdfDocument$PdfInfo,10,3,0,6,18,45,2,0,-7.415889276835281,-7.641030124559775,3.0
386,com.itextpdf.text.exceptions.BadPasswordException,1,4,0,0,2,0,3,1,1.596978125896055,2.159236173646973,0.0
387,com.itextpdf.text.pdf.codec.CCITTG4Encoder,16,1,0,1,21,84,5,5,-3.820840205225836,-4.201036174955311,3.0
388,com.itextpdf.text.pdf.codec.BmpImage,29,1,0,12,59,264,2,5,-11.219613566034004,-12.249775618835113,3.0
389,com.itextpdf.text.pdf.PdfVisibilityExpression,6,3,0,6,11,15,1,6,-7.033233862972971,-7.169730483068769,3.0
390,com.itextpdf.text.Font$FontFamily,4,2,0,1,7,4,6,2,-2.2582861006151425,-2.3180149548412143,3.0
391,com.itextpdf.text.html.simpleparser.ImageProcessor,1,1,0,3,1,0,1,1,-4.82641392048061,-4.697573082336425,7.0
392,com.itextpdf.text.List,43,1,4,8,69,577,10,43,-10.971880146790593,-11.104887448408995,3.0
393,com.itextpdf.text.pdf.PdfShadingPattern,11,3,0,11,28,17,5,4,-9.211419034687998,-9.776444355312783,3.0
394,com.itextpdf.text.pdf.PdfICCBased,2,4,0,8,11,1,1,2,-6.6782315351194175,-7.1813747538616886,3.0
395,com.itextpdf.text.pdf.FontDetails,8,1,0,10,31,0,5,2,-8.855700656489336,-10.099153168780362,3.0
396,com.itextpdf.text.pdf.PdfRectangle,22,3,0,4,30,165,15,22,-6.785676290117919,-6.925996772541264,3.0
397,com.itextpdf.text.pdf.parser.PdfContentStreamProcessor,33,1,0,54,110,424,33,6,-16.65120669253001,-18.2370397162036,10.0
398,com.itextpdf.text.pdf.Barcode39,8,2,0,7,38,14,0,6,-7.596824928319741,-8.672095885486037,5.0
399,com.itextpdf.text.pdf.PdfWriter$PdfBody,16,1,0,13,65,74,5,0,-10.77165672550341,-12.199910750044449,3.0
400,com.itextpdf.text.pdf.PdfReader$PageRefs,20,1,0,14,83,58,2,6,-11.075513523904839,-12.579609530082447,3.0
401,com.itextpdf.text.html.simpleparser.ChainedProperties$TagAttributes,1,1,0,0,2,0,1,0,0.6001384041726006,0.5893628394357852,6.0
402,com.itextpdf.text.pdf.DefaultSplitCharacter,4,1,0,2,7,6,1,2,-4.29902658129962,-4.656802799761665,3.0
403,com.itextpdf.text.pdf.CMYKColor,8,3,0,1,11,0,5,8,-2.0003380679302776,-1.8794471157224908,3.0
404,com.itextpdf.text.pdf.CFFFontSubset,40,2,0,18,97,186,1,2,-12.231785692324431,-13.252926712177086,3.0
405,com.itextpdf.text.pdf.AcroFields$1,0,1,0,0,0,0,3,0,0.7540801391382728,1.1875633328944055,3.0
406,com.itextpdf.text.pdf.PdfEFStream,3,4,0,11,37,3,1,3,-7.686527424676373,-8.920692317629937,3.0
407,com.itextpdf.text.pdf.BaseField,43,1,3,11,91,773,4,35,-11.905770619332168,-12.378182793376507,3.0
408,com.itextpdf.text.RtfElementInterface,0,1,0,0,0,0,0,0,0.7540801391382728,1.1875633328944055,0.0
409,com.itextpdf.text.pdf.fonts.cmaps.CMap,7,1,0,2,17,0,2,7,-4.040708628879506,-4.766651848836977,4.0
410,com.itextpdf.text.pdf.ColumnText,63,1,0,25,217,1475,6,56,-14.285898662976551,-15.933810915054858,3.0
411,com.itextpdf.text.pdf.parser.GraphicsState,12,1,0,2,14,24,15,12,-5.074218169457259,-5.372628044563167,7.0
412,com.itextpdf.text.pdf.parser.Matrix,10,1,0,0,17,0,13,10,-0.13028407219389315,-0.5553559968582016,0.0
413,com.itextpdf.text.pdf.collection.PdfCollectionItem,10,3,0,9,24,25,1,10,-8.566804220719805,-9.043495947444537,3.0
414,com.itextpdf.text.pdf.DefaultFontMapper,11,1,1,4,40,21,2,11,-6.863552076203029,-7.690523140051076,3.0
415,com.itextpdf.text.pdf.PdfStamperImp$PageStamp,1,1,0,6,5,0,2,0,-6.529088043931246,-7.284607552031301,3.0
416,com.itextpdf.text.pdf.PdfPageEvent,11,1,0,4,11,55,4,11,-7.175246377511521,-7.403146684493462,3.0
417,com.itextpdf.text.pdf.PdfPageLabels$PdfPageLabelFormat,1,1,0,0,2,0,1,1,0.6001384041726006,0.5893628394357852,3.0
418,com.itextpdf.text.pdf.HyphenationEvent,3,1,0,1,3,3,6,3,-2.742383260498868,-2.661707221660921,3.0
419,com.itextpdf.text.pdf.RadioCheckField,14,2,0,15,69,53,0,12,-10.654008719576249,-11.958816949539948,4.0
420,com.itextpdf.text.pdf.qrcode.QRCodeWriter,5,1,0,6,24,10,1,3,-7.3100187820038975,-8.513687712067256,8.0
421,com.itextpdf.text.pdf.PdfStream,12,3,8,16,62,20,36,9,-11.359692573460844,-11.468521731929469,3.0
422,com.itextpdf.text.ImgWMF,6,3,0,9,28,9,2,4,-7.966583936500785,-8.806790551605392,3.0
423,com.itextpdf.text.pdf.fonts.cmaps.CMapParser$LiteralName,3,1,0,2,4,1,1,0,-4.077349171166148,-4.216836984504004,5.0
424,com.itextpdf.text.pdf.ArabicLigaturizer,13,1,0,2,25,72,1,1,-5.10915982949054,-5.767680583180382,3.0
425,com.itextpdf.text.pdf.codec.LZWStringTable,7,1,0,0,14,0,1,7,0.06506240469931379,-0.39618305826612465,0.0
426,com.itextpdf.text.pdf.parser.PdfContentStreamProcessor$ModifyCurrentTransformationMatrix,3,1,0,7,10,3,1,1,-7.621208267083588,-8.456983328516923,10.0
427,com.itextpdf.text.pdf.qrcode.GF256,10,1,0,1,14,19,3,0,-3.354781901493035,-3.69793527685995,0.0
428,com.itextpdf.text.pdf.FdfReader,12,2,0,10,53,32,4,9,-9.125177169019764,-10.274451956065244,3.0
429,com.itextpdf.text.html.simpleparser.ElementFactory,13,1,0,18,73,66,1,11,-11.706695830292473,-13.361946892611511,8.0
430,com.itextpdf.text.pdf.CFFFont$IndexMarkerItem,2,2,0,3,4,0,2,2,-4.369586108733033,-4.450981386164617,3.0
431,com.itextpdf.text.pdf.PdfPublicKeySecurityHandler,8,1,0,29,65,4,1,5,-12.668711235663123,-14.55463212223757,3.0
432,com.itextpdf.text.pdf.BarcodeCodabar,7,2,0,7,40,7,0,6,-7.370252140395463,-8.552160094673232,5.0
433,com.itextpdf.text.pdf.BarcodeInter25,8,2,0,7,39,14,0,7,-7.587039036291439,-8.681178072919044,5.0
434,com.itextpdf.text.pdf.codec.BitFile,3,1,0,0,6,0,1,3,0.34905809141861777,0.0813156777222711,0.0
435,com.itextpdf.text.LargeElement,3,1,0,1,3,3,3,3,-2.742383260498868,-2.661707221660921,3.0
436,com.itextpdf.text.pdf.PdfFunction,6,1,0,10,23,0,2,4,-8.757120461835742,-9.921953822071709,3.0
437,com.itextpdf.text.pdf.XfdfReader,13,1,0,3,37,30,1,13,-5.907654964379868,-6.890534748122484,3.0
438,com.itextpdf.text.pdf.OutputStreamEncryption,8,2,0,4,22,6,3,8,-5.88220615193283,-6.515773672330611,2.0
439,com.itextpdf.text.pdf.codec.GifImage,22,1,0,12,58,55,1,8,-10.734975656843249,-11.910337843614863,3.0
440,com.itextpdf.text.pdf.parser.RegionTextRenderFilter,2,2,0,4,8,0,0,2,-4.990646923050609,-5.536255522751642,10.0
441,com.itextpdf.text.pdf.PdfGraphics2D$FakeComponent,2,2,0,1,3,1,1,0,-1.941031436533306,-1.7685294029048462,3.0
442,com.itextpdf.text.pdf.qrcode.Encoder,23,1,0,16,96,251,1,4,-11.858737248530344,-13.399363363501568,7.0
443,com.itextpdf.text.xml.xmp.PdfSchema,4,5,0,2,7,6,1,4,-3.1038378382268657,-2.7745594498925956,3.0
444,com.itextpdf.text.ImgRaw,2,3,0,3,10,1,5,1,-3.871969355867408,-4.354728542965002,3.0
445,com.itextpdf.text.pdf.draw.DottedLineSeparator,4,3,0,2,11,0,0,4,-3.051031103636102,-3.2952437877218617,6.0
446,com.itextpdf.text.pdf.events.PdfPTableEventForwarder,4,1,0,4,12,0,1,4,-5.716015073595643,-6.5132618881747595,3.0
447,com.itextpdf.text.pdf.AcroFields$SorterComparator,4,1,0,1,5,6,1,2,-2.868895266366628,-2.964731972863795,3.0
448,com.itextpdf.text.html.HtmlUtilities,10,1,0,2,41,41,6,9,-4.626703542711672,-5.7779581346174576,5.0
449,com.itextpdf.text.pdf.PRTokeniser$TokenType,4,2,0,1,7,4,6,2,-2.2582861006151425,-2.3180149548412143,3.0
450,com.itextpdf.text.pdf.qrcode.BlockPair,3,1,0,1,4,0,1,2,-2.415911412381841,-2.514176215683606,1.0
451,com.itextpdf.text.pdf.internal.PolylineShape,12,1,0,1,20,60,2,11,-3.5574059678984025,-4.050891725930018,3.0
452,com.itextpdf.text.pdf.BarcodeDatamatrix$DmParams,1,1,0,0,2,0,1,0,0.6001384041726006,0.5893628394357852,4.0
453,com.itextpdf.text.pdf.parser.PdfContentStreamProcessor$SetTextFont,3,1,0,12,11,3,1,1,-9.433175954493285,-10.390726595047846,10.0
454,com.itextpdf.text.pdf.XfaForm$InverseStore,3,1,0,0,10,0,1,3,0.5237603255967495,-0.08082369916664667,3.0
455,com.itextpdf.text.pdf.PdfPatternPainter,39,3,0,14,73,683,6,33,-11.332896969595932,-11.938578045738948,3.0
456,com.itextpdf.text.pdf.richmedia.RichMediaPosition,5,3,0,4,8,10,1,5,-5.671770720891121,-5.641116978881887,4.0
457,com.itextpdf.text.pdf.codec.TiffWriter$FieldLong,2,2,0,1,3,0,1,2,-1.8209204682633775,-1.6547400645438612,2.0
458,com.itextpdf.text.xml.XMLUtil,4,1,0,0,11,6,1,4,0.03393698182114224,-0.49718909840614217,0.0
459,com.itextpdf.text.DocListener,9,1,0,2,9,36,9,9,-5.079874691325664,-5.214282000138432,3.0
460,com.itextpdf.text.pdf.codec.wmf.MetaPen,5,2,0,3,9,0,2,5,-4.680249064258263,-4.9037304996432445,3.0
461,com.itextpdf.text.pdf.IntHashtable$IntHashtableIterator,5,1,0,2,8,4,1,4,-4.347382104989368,-4.6975032706371165,3.0
462,com.itextpdf.text.pdf.PdfDocument,77,2,0,68,436,1634,14,18,-17.469028280659394,-19.388279515559503,3.0
463,com.itextpdf.text.pdf.richmedia.CuePoint,4,3,0,7,8,6,0,4,-7.227925010762451,-7.355007321701588,4.0
464,com.itextpdf.text.pdf.codec.GifImage$GifFrame,1,1,0,1,2,0,1,0,-2.0347771478742263,-2.1268308114403163,3.0
465,com.itextpdf.text.pdf.parser.PdfContentStreamProcessor$EndText,3,1,0,5,7,3,1,1,-6.65070890691913,-7.215423079414884,10.0
466,com.itextpdf.text.pdf.PdfPages,8,1,0,13,36,0,3,0,-9.7163331258761,-11.096260978509534,3.0
467,com.itextpdf.text.pdf.XfaForm$AcroFieldsSearch,3,2,0,2,12,0,1,3,-3.1468033192677094,-3.7511356145922514,3.0
468,com.itextpdf.text.pdf.PdfAppearance,8,3,0,16,37,12,8,3,-10.134469230271336,-11.100162211184687,3.0
469,com.itextpdf.text.pdf.parser.PdfContentStreamProcessor$BeginMarkedContent,3,1,0,6,7,3,1,1,-7.236694156555887,-7.819483962251907,10.0
470,com.itextpdf.text.pdf.Type1Font,18,2,0,21,84,75,1,11,-12.046063182629668,-13.402079011157863,3.0
471,com.itextpdf.text.pdf.PdfPSXObject,4,3,0,10,10,6,1,2,-8.360924871422094,-8.674898612399756,3.0
472,com.itextpdf.text.Jpeg,8,3,0,5,30,20,2,3,-6.3373053105601995,-7.024772140339198,3.0
473,com.itextpdf.text.pdf.fonts.cmaps.CMapParser$1,0,1,0,0,0,0,3,0,0.7540801391382728,1.1875633328944055,5.0
474,com.itextpdf.text.pdf.crypto.ARCFOUREncryption,7,1,0,0,8,15,4,7,-0.6128268555389572,-0.6680933445269539,0.0
475,com.itextpdf.text.pdf.parser.PdfContentStreamProcessor$FormXObjectDoHandler,3,1,0,17,18,3,1,1,-10.492610633055147,-11.830786305882086,10.0
476,com.itextpdf.text.pdf.PdfShading,23,1,0,18,54,193,5,15,-12.455526233163829,-13.588742265819308,3.0
477,com.itextpdf.text.pdf.PdfCopyForms,18,1,0,11,37,0,0,18,-9.743750327558963,-10.721785242444813,5.0
478,com.itextpdf.text.pdf.parser.LineSegment,6,1,0,2,14,0,5,6,-3.9997194157707785,-4.661929599550768,2.0
479,com.itextpdf.text.pdf.qrcode.GF256Poly,12,1,0,1,29,0,2,1,-2.7071966193417945,-3.5039860672441727,0.0
480,com.itextpdf.text.html.simpleparser.CellWrapper,11,1,0,8,32,45,2,11,-8.9845538692373,-10.037066689311683,7.0
481,com.itextpdf.text.pdf.codec.wmf.MetaDo,9,1,0,14,128,16,1,8,-10.074770928839705,-12.310764890553173,3.0
482,com.itextpdf.text.xml.simpleparser.IanaEncodings,3,1,0,0,8,1,3,2,0.32608570093699984,-0.12262699238382008,0.0
483,com.itextpdf.text.pdf.TrueTypeFontUnicode,19,3,0,21,84,127,2,9,-11.866239032630176,-13.009876921497035,3.0
484,com.itextpdf.text.pdf.parser.PdfContentStreamProcessor$MoveNextLineAndShowTextWithSpacing,2,1,0,8,9,0,1,2,-7.6254315975553295,-8.572055040476554,10.0
485,com.itextpdf.text.pdf.qrcode.FormatInformation,9,1,0,1,12,14,1,2,-3.280686241718686,-3.5713100229101906,1.0
486,com.itextpdf.text.Font,36,1,0,7,49,268,23,36,-9.622138086520877,-10.346053974073785,3.0
487,com.itextpdf.text.pdf.PdfEncodings$WingdingsConversion,6,1,0,2,9,9,1,3,-4.555440636330335,-4.894478219570775,3.0
488,com.itextpdf.text.pdf.RandomAccessFileOrArray,48,1,0,4,94,860,24,46,-8.023453423352636,-9.008226847706894,3.0
489,com.itextpdf.text.pdf.OcspClientBouncyCastle,3,1,0,20,42,1,0,2,-10.642788693804162,-12.614052320279827,4.0
490,com.itextpdf.text.pdf.PdfGraphics2D$HyperLinkKey,4,2,0,0,5,6,1,2,0.20712888961468057,0.44614169498696904,3.0
491,com.itextpdf.text.pdf.PdfImportedPage,16,3,0,14,26,96,6,11,-10.66989751099761,-11.004295318113035,3.0
492,com.itextpdf.text.pdf.hyphenation.TernaryTree,22,1,1,3,44,127,2,16,-6.827521901727739,-7.330154346583053,1.0
493,com.itextpdf.text.pdf.SpotColor,5,3,0,3,12,0,4,5,-4.265867945501386,-4.50496439272895,3.0
494,com.itextpdf.text.xml.simpleparser.SimpleXMLDocHandler,5,1,0,0,5,10,6,5,-0.4644876326357791,-0.37642258267240336,0.0
495,com.itextpdf.text.pdf.interfaces.PdfViewerPreferences,2,1,0,2,2,1,6,2,-4.034662306563552,-3.9488814539004657,3.0
496,com.itextpdf.text.pdf.PdfSigGenericPKCS$PPKLite,2,5,0,4,5,1,1,2,-4.513398972741822,-4.317030148238229,4.0
497,com.itextpdf.text.pdf.PdfTemplate,24,2,4,16,45,172,21,17,-12.429784892053622,-12.387319989558403,3.0
498,com.itextpdf.text.pdf.codec.TiffWriter$FieldBase,6,1,7,1,11,1,9,5,-3.640090691054797,-3.106799836707685,2.0
499,com.itextpdf.text.pdf.PdfFont,11,1,0,3,18,13,6,2,-5.909151701246514,-6.4659957255514975,3.0
500,com.itextpdf.text.pdf.collection.PdfCollectionSchema,2,3,0,4,5,1,2,2,-4.954507576676303,-5.011710165212891,3.0
501,com.itextpdf.text.GreekList,5,2,0,7,21,6,0,4,-7.3476025483390135,-8.22221234400388,5.0
502,com.itextpdf.text.xml.XmlDomWriter,9,1,0,0,38,14,2,6,-0.2211327729713598,-1.2492185284325303,0.0
503,com.itextpdf.text.pdf.parser.SimpleTextExtractionStrategy,6,1,0,5,23,9,1,6,-6.851968183253831,-7.924726356100663,11.0
504,com.itextpdf.text.factories.GreekAlphabetFactory,5,1,0,1,9,10,1,5,-2.9019577975240485,-3.2758633007316154,4.0
505,com.itextpdf.text.pdf.PageResources,15,1,0,7,46,19,14,0,-8.495928998374035,-9.650353136990503,3.0
506,com.itextpdf.text.pdf.PdfTextArray,7,1,0,1,20,0,2,5,-2.4397991955938814,-3.233078466612451,3.0
507,com.itextpdf.text.pdf.hyphenation.TernaryTree$Iterator$Item,4,1,0,1,4,0,1,4,-2.6021724573833254,-2.579881204503068,1.0
508,com.itextpdf.text.pdf.PdfAcroForm,35,3,0,20,123,27,5,35,-11.770709369715332,-12.886623173906928,3.0
509,com.itextpdf.text.pdf.interfaces.PdfPageActions,3,1,0,4,3,3,1,3,-6.225552156405214,-6.252319919908716,3.0
510,com.itextpdf.text.pdf.AcroFields$InstHit,2,1,0,1,6,0,1,2,-2.0457252088670566,-2.5501695097334034,3.0
511,com.itextpdf.text.pdf.PdfPCellEvent,1,1,0,3,1,0,4,1,-4.82641392048061,-4.697573082336425,3.0
512,com.itextpdf.text.xml.xmp.LangAlt,5,4,0,1,16,10,1,4,-1.7000185357739308,-1.8963407755788815,0.0
513,com.itextpdf.text.pdf.codec.TiffWriter$FieldAscii,1,2,0,1,4,0,1,1,-1.3962231567811874,-1.615397861648764,2.0
514,com.itextpdf.text.pdf.PdfGraphics2D,92,3,1,18,348,3504,3,73,-12.944522504206429,-13.937964389826828,3.0
515,com.itextpdf.text.pdf.richmedia.RichMediaAnnotation,12,1,0,16,28,0,0,12,-10.855504174689429,-11.87797162383033,8.0
516,com.itextpdf.text.pdf.PatternColor,4,3,0,2,6,0,2,4,-3.2593651570057993,-3.1018910595383,3.0
517,com.itextpdf.text.html.HtmlEncoder,6,1,0,1,27,11,0,4,-2.647736515094383,-3.704889834006037,4.0
518,com.itextpdf.text.pdf.BarcodePDF417$Segment,1,1,0,0,2,0,2,1,0.6001384041726006,0.5893628394357852,4.0
519,com.itextpdf.text.pdf.fonts.cmaps.CMapParser$Operator,3,1,0,2,4,1,1,0,-4.077349171166148,-4.216836984504004,5.0
520,com.itextpdf.text.pdf.CFFFont$OffsetItem,2,2,2,1,3,1,7,1,-2.4563223916305414,-1.7685294029048462,3.0
521,com.itextpdf.text.pdf.PdfReader$1,1,1,0,1,3,0,2,0,-1.9235816722928396,-2.230030207878772,3.0
522,com.itextpdf.text.xml.simpleparser.NewLineHandler,1,1,0,0,1,0,3,1,0.4434171836130442,0.7348142194157778,0.0
523,com.itextpdf.text.pdf.parser.PdfContentStreamProcessor$Do,3,1,0,5,6,3,1,1,-6.702321739729271,-7.167521731211314,10.0
524,com.itextpdf.text.pdf.richmedia.RichMediaPresentation,7,3,0,5,9,21,1,7,-6.684363220978063,-6.591862850954136,6.0
525,com.itextpdf.text.pdf.parser.PdfContentStreamProcessor$IgnoreOperatorContentOperator,3,1,0,4,4,3,1,1,-6.139302244828043,-6.332367590653371,10.0
526,com.itextpdf.text.pdf.GrayColor,6,3,0,1,9,3,7,5,-2.1012556432175393,-1.9676221329389265,3.0
527,com.itextpdf.text.pdf.TrueTypeFont,43,2,2,24,133,337,3,12,-13.830901645003383,-14.558549339190645,3.0
528,com.itextpdf.text.FontFactory,28,1,0,4,42,106,6,26,-7.530670462607259,-8.227100871078731,3.0
529,com.itextpdf.text.pdf.parser.InlineImageUtils$InlineImageParseException,1,4,0,0,2,0,1,1,1.596978125896055,2.159236173646973,6.0
530,com.itextpdf.text.pdf.TrueTypeFont$HorizontalHeader,1,1,0,0,2,0,1,0,0.6001384041726006,0.5893628394357852,3.0
531,com.itextpdf.text.pdf.DocumentFont,31,2,1,20,89,353,6,14,-12.87398386552849,-13.646360577658612,3.0
532,com.itextpdf.text.pdf.parser.PdfContentStreamProcessor$ProcessGraphicsStateResource,3,1,0,14,16,3,1,1,-9.842528351221642,-11.076434257465786,10.0
533,com.itextpdf.text.pdf.CFFFont$DictNumberItem,3,2,0,1,5,0,2,3,-1.9043314994649734,-1.8848999079442812,3.0
534,com.itextpdf.text.pdf.HyphenationAuto,4,1,0,4,14,2,1,4,-5.851074817222317,-6.744947893433337,7.0
535,com.itextpdf.text.pdf.parser.PdfContentStreamProcessor$ResourceDictionary,4,3,0,3,11,0,4,4,-4.144619865168551,-4.422566008138551,10.0
536,com.itextpdf.text.pdf.hyphenation.PatternConsumer,3,1,0,0,3,3,2,3,-0.10746770845204129,0.05448642921518054,0.0
537,com.itextpdf.text.pdf.CFFFont$RangeItem,3,2,0,3,8,0,2,3,-4.382525830952243,-4.746544938800375,3.0
538,com.itextpdf.text.pdf.parser.PdfContentStreamProcessor$TextMoveStartNextLineWithLeading,2,1,0,6,10,0,1,2,-6.633250566886887,-7.6214348507948575,10.0
539,com.itextpdf.text.pdf.LZWDecoder,8,1,0,2,14,0,1,8,-4.209495086005759,-4.7359295498209635,3.0
540,com.itextpdf.text.pdf.PdfStamper,47,1,0,33,123,0,2,47,-14.019155180174074,-15.500018806462515,5.0
541,com.itextpdf.text.pdf.parser.PdfContentStreamProcessor$TextMoveStartNextLine,3,1,0,6,12,3,3,1,-7.049034661425632,-7.993648842002008,10.0
542,com.itextpdf.text.pdf.parser.MarkedContentRenderFilter,2,2,0,2,4,0,1,2,-3.275997347200585,-3.3236591657479284,10.0
543,com.itextpdf.text.Header,2,2,0,1,5,0,1,2,-1.664199247703821,-1.8001914445238538,3.0
544,com.itextpdf.text.SpecialSymbol,4,1,0,4,13,6,2,4,-6.024564823360785,-6.859293495764926,3.0
545,com.itextpdf.text.pdf.BidiLine,25,1,0,14,82,0,1,24,-10.551845923961311,-11.968818531791856,3.0
546,com.itextpdf.text.Jpeg2000,7,3,0,4,21,13,1,4,-5.608212024978995,-6.086052226361139,3.0
547,com.itextpdf.text.pdf.PdfMediaClipData,1,3,0,6,10,0,1,0,-5.540723027843595,-6.314481644260699,3.0
548,com.itextpdf.text.pdf.PdfLine,28,1,0,6,72,84,4,16,-8.565272762921108,-9.697687161109224,3.0
549,com.itextpdf.text.pdf.PRAcroForm,9,3,0,8,37,10,1,6,-7.775832687235037,-8.611551182677513,3.0
550,com.itextpdf.text.ImgCCITT,2,3,0,4,11,1,1,1,-4.686590880535359,-5.2603609416313395,3.0
551,com.itextpdf.text.pdf.codec.Base64,29,1,0,2,78,402,4,16,-5.611817857155933,-6.671235243988283,3.0
552,com.itextpdf.text.pdf.AcroFields,66,1,0,51,322,1539,10,53,-16.81444342122718,-18.81149766887522,3.0
553,com.itextpdf.text.pdf.PRStream,17,4,0,10,39,62,16,15,-9.069127554086863,-9.493576570067459,3.0
554,com.itextpdf.text.pdf.BarcodeEAN,12,2,0,7,44,22,0,11,-7.922527305512431,-8.901877854016357,5.0
555,com.itextpdf.text.pdf.PdfContents,2,4,0,11,25,0,5,0,-7.352854357670296,-8.47227191210595,3.0
556,com.itextpdf.text.pdf.PdfXConformanceException,2,4,0,0,4,1,3,2,1.3358651448796641,1.7428098944631263,0.0
557,com.itextpdf.text.pdf.qrcode.ErrorCorrectionLevel,7,1,0,0,9,9,6,5,-0.4906588158602424,-0.6287316782861321,0.0
558,com.itextpdf.text.pdf.TSAClientBouncyCastle,7,1,0,12,51,11,0,5,-9.635355319940016,-11.301191818999063,4.0
559,com.itextpdf.text.pdf.richmedia.RichMediaExecuteAction,2,4,0,5,4,1,0,2,-5.475292749728368,-5.278448837748489,5.0
560,com.itextpdf.text.ZapfDingbatsNumberList,5,2,0,6,21,0,0,5,-6.502804918477635,-7.379503947298822,4.0
561,com.itextpdf.text.pdf.ExtendedColor,6,2,5,1,9,3,12,5,-3.2546305288356656,-2.4605054488586693,3.0
562,com.itextpdf.text.pdf.parser.PdfContentStreamProcessor$SetTextRenderMode,3,1,0,6,7,3,1,1,-7.236694156555887,-7.819483962251907,10.0
563,com.itextpdf.text.pdf.PdfWriter$PdfBody$PdfCrossReference,10,1,0,1,22,0,1,6,-2.670454379727005,-3.359481751069504,3.0
564,com.itextpdf.text.pdf.PdfContentByte,176,1,4,53,398,5014,53,158,-18.646596890066473,-19.51505746273953,3.0
565,com.itextpdf.text.pdf.codec.wmf.MetaState,36,1,0,7,69,422,2,36,-9.570522781628926,-10.541066028570864,3.0
